{"cameraMode":{"drawMode":0,"name":"Shaded","section":"Shading Mode"},"sceneLighting":true,"audioPlay":false,"sceneViewState":{"m_AlwaysRefresh":false,"showFog":true,"showSkybox":true,"showFlares":true,"showImageEffects":true,"showParticleSystems":true,"showVisualEffectGraphs":true,"m_FxEnabled":true},"in2DMode":false,"pivot":{"x":3.573993444442749,"y":2.8294031620025636,"z":-7.239651203155518},"rotation":{"x":0.1400187760591507,"y":-0.16551604866981507,"z":0.023747023195028306,"w":0.9759281277656555},"size":2.0886058807373049,"orthographic":false}